dim,n_points,version,threads,time_mean_s,time_std_s,speedup,rep_1,rep_2,rep_3,rep_4,rep_5,rep_6,rep_7,rep_8,rep_9,rep_10
3,97500,serial,1,0.26883,0.0758,1.0,0.3517,0.3439,0.3497,0.3258,0.3193,0.2659,0.2244,0.1907,0.1677,0.1492
3,97500,parallel,1,0.11084,0.01006,2.4254,0.1354,0.1234,0.1142,0.1061,0.1041,0.1042,0.1045,0.1051,0.1064,0.105
3,97500,parallel,8,0.03203,0.00106,8.3931,0.0319,0.0313,0.0327,0.0322,0.0347,0.0323,0.0308,0.0309,0.0318,0.0317
3,97500,parallel,16,0.03111,0.01497,8.6413,0.0295,0.025,0.0758,0.0247,0.0246,0.0275,0.0248,0.0271,0.0263,0.0258
3,97500,parallel,32,0.03747,0.00123,7.1745,0.0373,0.0366,0.0364,0.0368,0.0367,0.0389,0.0404,0.0377,0.0363,0.0376
